tshirt-kids-teens-sexy-geek,Qwmc2XDP9G
tshirt-kids-teens-i-am-responsible,wYpvXcwNqD
tshirt-kids-teens-man-up,HoTQGDOXGm
tshirt-kids-teens-sexy-moustache,bwpVsF6aBY
tshirt-kids-teens-war-machines,rq5wGySWxT
tshirt-kids-teens-blue-nissan,shchMbq4kH
tshirt-kids-teens-life-is-beautiful,p63rSIqv2K
tshirt-kids-teens-born-to-ride,rtCyxsQZG2
tshirt-kids-teens-talk-nerdy,qnnjAyyS2T
tshirt-kids-teens-its-not-my-fault,HO0dNJcShI
tshirt-kids-teens-grow-a-moustache,QH9mF4QLSM
tshirt-kids-teens-look-in-my-eyes,mwbdaIPccW
tshirt-kids-teens-i-got-the-power,w5XjtHpoop
tshirt-kids-teens-angry-rickshaw,0jx2JCAW2r
tshirt-kids-teens-antique-gun,MXVnPrPuXd
tshirt-kids-teens-for-hire,JoSE6bOyTr
tshirt-kids-teens-look-with-affection,tjBg5Kbgnc
tshirt-kids-teens-lemon-magic,7vyvlBl2mD
tshirt-kids-teens-soccor-field,XC7d6A6q1N
tshirt-kids-teens-bigg-boss,gRqB5BwPwg
tshirt-kids-teens-dekho-magar-pyar-se,3P3WdrEcJ0
tshirt-kids-teens-tequilla-shot,MaPnopdTZ3
tshirt-kids-teens-power-board,7pvEfgrkQh
tshirt-kids-teens-karam-kar,JEBPSKKJPb
tshirt-kids-teens-hud-hud-dabangg,Zl44zwxZcA
tshirt-kids-teens-panga-mat-le,K25oCOXiFp
tshirt-kids-teens-pig-in-the-city,17Pq1czV9p
tshirt-kids-teens-king-kong,Sx84elc2zW
tshirt-kids-teens-i-luv-u,3EnpVLCmxH
tshirt-kids-teens-bhai-yeh-teri-woh-meri,LS5jMyjX8u
tshirt-kids-teens-just-dont-care,qsOg9agZHW
tshirt-kids-teens-setting-karwa-de,sgN6S9Evth
tshirt-kids-teens-chal-daru-pite-hain,ZuJI1TC4u5
tshirt-kids-teens-believe-in-sharing,AqASCn2Db1
tshirt-kids-teens-daaru-peete-hai,4ceXoUghfC
tshirt-kids-teens-one-last-chance,dzjEAVQRkX
tshirt-kids-teens-unhappily-married,xAUJCGiROu
tshirt-kids-teens-hard-luck,YqkQS2S6wL
tshirt-kids-teens-work-o-holics,I6Qewbjwwb
tshirt-kids-teens-dont-grow-up,Udss6pwRQI
tshirt-kids-teens-tera-kya-hoga-kaaliya,rIDcrRptfF
tshirt-kids-teens-do-not-pee-here,ED3XkhA5Ut
tshirt-kids-teens-home-alone,5TnQfIatip
tshirt-kids-teens-swiss-cow,hWXjamrgNj
tshirt-kids-teens-bheja-fry,tBETgcHHxn
tshirt-kids-teens-mogambo-khush-hua,oOwYHRVl7T
tshirt-kids-teens-crime-master-gogo,XkAxlhASj1
tshirt-kids-teens-battery-holder,4vAVxvmOWu
tshirt-kids-teens-batman-at-work,n2JxPqUfsl
tshirt-kids-teens-bal-krishna,VIuDLwCCRM
tshirt-kids-teens-game-over,4ad4zCivkN
tshirt-kids-teens-binary-rain,3E44XC1g00
tshirt-kids-teens-kaminey,TJDTTjOSKl
tshirt-kids-teens-chhedi-singh,23HGf1qGVS
tshirt-kids-teens-ghee-shakkar,aa2cEt455s
tshirt-kids-teens-piglets,X8btcramKB
tshirt-kids-teens-bhaag-milkha-bhaag,Lr4IbA9l97
tshirt-kids-teens-a-beer-chick,rCTTU76g2V
tshirt-kids-teens-party-mode,13NEmBDnkM
tshirt-kids-teens-ac-and-dc,yIEUZJzQU2
tshirt-kids-teens-airbourne,LWOJu0Epqp
tshirt-kids-teens-aisi-deewangi,T8P0vxo6XG
tshirt-kids-teens-all-day-sport,mAebqLL8Ou
tshirt-kids-teens-masquerade,z7f74eXug4
tshirt-kids-teens-anda-ka-funda,DXCJwk5NjZ
tshirt-kids-teens-black-and-white,9ngLM23ZrU
tshirt-kids-teens-anger-management,Ww5zBHc6im
tshirt-kids-teens-angry-avenger,L7IRdH42yq
tshirt-kids-teens-zor-ka-jhatka,7feq2jdhzA
tshirt-kids-teens-angry-peacock,Y4WUuoQDdl
tshirt-kids-teens-suar-ke-patthe,vB7wF9H2w7
tshirt-kids-teens-incredible-apple,TrMRaRHevS
tshirt-kids-teens-gabbar,YynAOGKAXW
tshirt-kids-teens-astranauts-imagination,5YBdmkuN2K
tshirt-kids-teens-lionel-messi-10,Pz6PkSZFex
tshirt-kids-teens-babajis-thenga,GReTFuyOUa
tshirt-kids-teens-yoga-se-hoga,WDQXzcuubQ
tshirt-kids-teens-kuwara-aadmi,gP0pbAKfGQ
tshirt-kids-teens-backstreet-cows,DcKdnCPLbl
tshirt-kids-teens-bang-bang,V6NHukpyt2
tshirt-kids-teens-bas-kar-bhai,Lfni4C8J30
tshirt-kids-teens-batman,fpUfFWoISq
tshirt-kids-teens-its-king-kong,GePrw9Z48i
tshirt-kids-teens-bhaag-bolt-bhaag,lWd2l80cYe
tshirt-kids-teens-bhai-hai-tu-mera,d8Hl4Gt3hb
tshirt-kids-teens-blocked,Mr3vB88Xnc
tshirt-kids-teens-breaking-bad,Jp5fybclP9
tshirt-kids-teens-bewakoof,G7gD1E6t9w
tshirt-kids-teens-captain-india,22zQj9fcC9
tshirt-kids-teens-hukam-ka-ikka,DHcTHUKJVW
tshirt-kids-teens-chemical-x,vugnbvdk0E
tshirt-kids-teens-chicken-tikka,InGgeCqaLE
tshirt-kids-teens-fevicaol-ka-jod,YILzxLbWPD
tshirt-kids-teens-cute-messi,wU4bJ1ZLho
tshirt-kids-teens-cute-super-heros,Mc8BcRMMqy
tshirt-kids-teens-dark-knights,atdELOKZym
tshirt-kids-teens-dark-side,MV0fvg41Eo
tshirt-kids-teens-ball-z,dPr8rdAPbi
tshirt-kids-teens-sudh-cricket,ikrFjYEqQB
tshirt-kids-teens-dead-mouse,N9BzlXOJhp
tshirt-kids-teens-deadmau5,co2DYqCcQa
tshirt-kids-teens-despicable-me,tc3tAfiFpq
tshirt-kids-teens-devil-dirt,OAUkjCz20y
tshirt-kids-teens-devil-mera-yaar,mbCMJOn6Fy
tshirt-kids-teens-touched-my-heart,ZTDtGZBcaJ
tshirt-kids-teens-brain-storm,2NEXURT1Fv
tshirt-kids-teens-dinner-with-batman,4LjjUwjnE9
tshirt-kids-teens-dj-frankenstien,Bh0ZG8aSvw
tshirt-kids-teens-bas-2-ghoont,TaxxnHLMlO
tshirt-kids-teens-do-it-mahi-way,El0l9P5EKi
tshirt-kids-teens-do-not-escape,OzpnTsA9y9
tshirt-kids-teens-lal-bull,hdvZVFYOv4
tshirt-kids-teens-dragon-ball-z,FXvyOiRH89
tshirt-kids-teens-drink-beer-save-water,4BQn5REjny
tshirt-kids-teens-eiffel-chain,NNViZab9ri
tshirt-kids-teens-ek-hi-vajah,8KRve9vDsY
tshirt-kids-teens-btech-future,32giKyDIix
tshirt-kids-teens-evil-returns,2kVOrJlJj1
tshirt-kids-teens-fart-avengers,M9CMWpP73k
tshirt-kids-teens-chipkale-saiyaan,UBQhklw64W
tshirt-kids-teens-fifa-fever,O8AuVcQzzG
tshirt-kids-teens-fight-club,kgZoZcTHis
tshirt-kids-teens-finally-escaped,vqfCwUhMb1
tshirt-kids-teens-friendly-fire,nyc6Z0NY7L
tshirt-kids-teens-androids-hunger,GZcT50eZIl
tshirt-kids-teens-death-by-petrol,EaOSs04V6A
tshirt-kids-teens-funky-zombie,IkyxsrhUx7
tshirt-kids-teens-genius-minds,gkFGXT3Zla
tshirt-kids-teens-steve-jobs,qnSfZHxLui
tshirt-kids-teens-daft-punk,NM70BTBarb
tshirt-kids-teens-bhojpuri-ghajini,aDhhwKAfTm
tshirt-kids-teens-ghost-rider,kH0NYI3UvT
tshirt-kids-teens-girlfriend-error,M3mko3xCCg
tshirt-kids-teens-go-drunk,uQFwbBgb60
tshirt-kids-teens-go-gloomy,C5cCszXyZu
tshirt-kids-teens-goten-ball-z,kpXbOgytkI
tshirt-kids-teens-guruji-chelaji,vJoR2NXiR0
tshirt-kids-teens-hass-mat-pagli,t7dcWUMJOL
tshirt-kids-teens-its-a-goal,Or2i0G7zAh
tshirt-kids-teens-horn-stars,1chAbgirBn
tshirt-kids-teens-hukka-bar,lcJCGHyAZg
tshirt-kids-teens-hulk-a-saurus,xmuMDyVyjf
tshirt-kids-teens-allergic,usz3UOQ2ps
tshirt-kids-teens-i-can-see-everything,7PILSu1y3C
tshirt-kids-teens-will-you,3b8k3u5bIO
tshirt-kids-teens-i-like-you,ojg0Zhqooc
tshirt-kids-teens-incredible-india,pRwEWHSJeN
tshirt-kids-teens-size-zero,p20sBFuzqc
tshirt-kids-teens-dragon-ball,orkKVViTOn
tshirt-kids-teens-its-dragon-ball,NIhCNQ31Ll
tshirt-kids-teens-jab-tak-hai-jaan,kpEPQ7XnN1
tshirt-kids-teens-jailer-o-saurus,DAWr9ysetR
tshirt-kids-teens-big-boss,5I5C2LWq2I
tshirt-kids-teens-ashtronishing,wlioMZx9bt
tshirt-kids-teens-khallas,ZRIlmOQJRT
tshirt-kids-teens-khopdi,xddrfTFhXm
tshirt-kids-teens-kill-dill,TM9I8KLx7z
tshirt-kids-teens-killer-app,hV33GuEzpi
tshirt-kids-teens-lucky-guy,8XsXexhyab
tshirt-kids-teens-batman-vs-superman,RGDdEsRuDs
tshirt-kids-teens-knight-wolf,zlgLZDwZPH
tshirt-kids-teens-knight-bear,Reing370cA
tshirt-kids-teens-kungfu-panda,xrDoe12AsB
tshirt-kids-teens-kya-haal-chaal,nKTv7ZNBeS
tshirt-kids-teens-tumhare-paas-kya-hai,RcbxkaWxTR
tshirt-kids-teens-pyar-ho-jayega,ZYM5hsIdi4
tshirt-kids-teens-six-packs,V5Zp62PzuV
tshirt-kids-teens-hamara-dil,O8N5ndelvo
tshirt-kids-teens-messi-boy,x4ELU6OU4M
tshirt-kids-teens-mind-your-language,qWgXtsbXrx
tshirt-kids-teens-main-toh-superman,3DgMAkrh0T
tshirt-kids-teens-haramkhor,VC2FbUUvcJ
tshirt-kids-teens-mann-ki-aankhien,jJqctbQS8e
tshirt-kids-teens-masters-in-computers,USuIBMfXoH
tshirt-kids-teens-mechanical-marvel,FPedrEBrMg
tshirt-kids-teens-memes-n-mario,tVq2jOzN5F
tshirt-kids-teens-kya-power-hai,XTgANaOaNX
tshirt-kids-teens-mind-the-rules,cvc7pcHZTk
tshirt-kids-teens-ml-special,wpCvpJ4OxN
tshirt-kids-teens-shave-the-world,cPFVuGY0TV
tshirt-kids-teens-get-high-and-fly,dlTHBNsyQI
tshirt-kids-teens-mr-bean-animated,3C9VEsgNHb
tshirt-kids-teens-music-in-my-soul,n9cnelA82d
tshirt-kids-teens-my-name-is-basanti,R4w6tfSQoh
tshirt-kids-teens-meri-pahunch,RO5gEPxMZe
tshirt-kids-teens-ninja-turtles,dV6T3iG7zY
tshirt-kids-teens-no-war-only-love,YNHAGdUb2h
tshirt-kids-teens-no-smoking-please,coKh0i16jt
tshirt-kids-teens-its-star-wars,B3A2H0NA1h
tshirt-kids-teens-its-daft-punk,pcNKpsJJeu
tshirt-kids-teens-only-for-you,44SSv8NGhJ
tshirt-kids-teens-spiderman-effect,Xy5fQxaupf
tshirt-kids-teens-monster-america,dO8Mt4ZJEB
tshirt-kids-teens-tedaman,qbYfqJ9lst
tshirt-kids-teens-before-and-after-party,oLuZrOYpvl
tshirt-kids-teens-pirates-of-toonpur,UiiJKK2Mrm
tshirt-kids-teens-padai-ke-side-effects,sRueKNRXFW
tshirt-kids-teens-dont-tell-my-dad,ZCo9SOGKZE
tshirt-kids-teens-party-abhi-baaki-hai,IAhIf0d5tR
tshirt-kids-teens-party-owl,Mn7urFpIay
tshirt-kids-teens-pausetive,3Vp9gV91M4
tshirt-kids-teens-peene-ka-bahana,RhOcwv4FzN
tshirt-kids-teens-phata-poster-nikla-joker,MjZLFugtW1
tshirt-kids-teens-drink-meter,lxjgH314iA
tshirt-kids-teens-pakka-mat,LKCgMbDFMH
tshirt-kids-teens-pug-in-pocket,NTY94w5RXE
tshirt-kids-teens-pocket-me-dragon-ball-z,lHoTsZRkEA
tshirt-kids-teens-point-hai-baat-me,kxDPfDCyCd
tshirt-kids-teens-golden-death,m7Tl2m2EoC
tshirt-kids-teens-puppy-kahin-ka,wdCKkCt5TY
tshirt-kids-teens-rajinican,9tdRmgLnlh
tshirt-kids-teens-rowdy-bird,u8OTSbYWSa
tshirt-kids-teens-high-5,yKY9Ma7Jmy
tshirt-kids-teens-happy-haloween,O0wKZyY49v
tshirt-kids-teens-no-smoking,Woeq83IpMT
tshirt-kids-teens-sexy-brain,A3BfisOYNc
tshirt-kids-teens-roadie-special,7pBpLoDDsg
tshirt-kids-teens-roar-it-my-way,p0pTQ5kArZ
tshirt-kids-teens-rock-n-roll,teajw8u8I9
tshirt-kids-teens-rocket-ronaldo,m3LCgbTpa5
tshirt-kids-teens-rockstar,OPxRKKl8pv
tshirt-kids-teens-dont-say-it,3X2VDWjnyc
tshirt-kids-teens-luv-weekends,uHMihdNkTN
tshirt-kids-teens-sher-khan,yU2Mx7XZHx
tshirt-kids-teens-shit-happens,mMwit0XXZ0
tshirt-kids-teens-shortage-of-time,uC9C5TFcdR
tshirt-kids-teens-singh-sahab,LzP695qJ3B
tshirt-kids-teens-skull,WlcrS0Mtal
tshirt-kids-teens-sone-bhi-do-yaaro,x0jrGVgSWx
tshirt-kids-teens-spongebob-vs-zombies,vLvIYG8MbJ
tshirt-kids-teens-squeeze-it,1A3vTt66Xi
tshirt-kids-teens-super-mario-reloaded,g6Xo0C5Bke
tshirt-kids-teens-super-cow,4gF28e0CZQ
tshirt-kids-teens-super-sized-heroes,O6RW33tTcz
tshirt-kids-teens-super-sparrow-league,1vdff8AamE
tshirt-kids-teens-supermask-jhakkas,fX5mHGD7UW
tshirt-kids-teens-swat-cats,JhjQAGVXVF
tshirt-kids-teens-buri-nazar-waale,apX53Kqg16
tshirt-kids-teens-the-egyption-diaries,w434YPCI0o
tshirt-kids-teens-retirement-life,FEl6HXbNFf
tshirt-kids-teens-the-flash,fP1CM2LDtM
tshirt-kids-teens-the-incredible-hulk,lpySJxKGp7
tshirt-kids-teens-the-ugly-gang,g2kIOiXsEh
tshirt-kids-teens-think-different,hVsmKcsnlT
tshirt-kids-teens-thoranium,oEx6s2honT
tshirt-kids-teens-tron-legacy,4Tn3QabR5k
tshirt-kids-teens-it-says-it-all,Z9LXwhla15
tshirt-kids-teens-ungli-mat-karna,OxbUB9eBIC
tshirt-kids-teens-vellapanti,TuB2nrfZpN
tshirt-kids-teens-4-bottle-vodka,5zco8nuyPv
tshirt-kids-teens-warning,sa8xRxyATw
tshirt-kids-teens-what-is-mobile-number,1eht1zgdvb
tshirt-kids-teens-why-so-serious,w7Yci0najd
tshirt-kids-teens-wolverine,bdLCmVpxno
tshirt-kids-teens-yaar-tera-superstar,qOcdyOjt0m
tshirt-kids-teens-yeh-dosti,FLvNJbgZul
tshirt-kids-teens-heart-in-hand,0fpjXrrGPU
tshirt-kids-teens-yoga-o-holics,4zPufzGxtK
tshirt-kids-teens-you-are-invited,DSGImRmy6l
tshirt-kids-teens-zara-sambhaal-ke,uSAFvM1EoP
tshirt-kids-teens-zilch-yo-zenith,7FD86xbiHD
tshirt-kids-teens-bachelor-party,vo8LA26jSj
tshirt-kids-teens-hello-zombie,P5lN2rtCXe
tshirt-kids-teens-keep-it-real,eliN44gYZo
tshirt-kids-teens-its-a-trap-mickey,B6qqv2mJH7
tshirt-kids-teens-battery-life,fqqc55mBkP
tshirt-kids-teens-war-time,LbWdkioniL
tshirt-kids-teens-moshi-moshi,FSmXdPKG0O
tshirt-kids-teens-pokemon-ball,bjvVTGHLz8
tshirt-kids-teens-whats-up-parker,3pswwugaA3
tshirt-kids-teens-i-am-a-superstar,cWdJ0aSBSH
tshirt-kids-teens-hug-me,wfxSDNeycN
tshirt-kids-teens-monster-dj,E3En1eZ73q
tshirt-kids-teens-life-is-good,F7YuEXvLpK
tshirt-kids-teens-spooky-gothic,S6V4MOE2rM
tshirt-kids-teens-i-am-ok,zdBk8Isjk8
tshirt-kids-teens-hulk-style,J3ByDqWzUK
tshirt-kids-teens-desi-theka,PhKRchT8xE
tshirt-kids-teens-we-will-rock-you,xoN0qZuqLL
tshirt-boys-bhaag-milkha-bhaag,xwg3qmaI8x
tshirt-boys-a-beer-chick,a56bu0lQSP
tshirt-boys-party-mode,hEvnVb81Hw
tshirt-boys-ac-and-dc,XBChGr7xzo
tshirt-boys-airbourne,bTjOhs7wmN
tshirt-boys-aisi-deewangi,JTV1lKUIHr
tshirt-boys-all-day-sport,OZ0NzpZbG6
tshirt-boys-masquerade,Qr6DkUj6Cq
tshirt-boys-anda-ka-funda,g7skqL4uMD
tshirt-boys-black-and-white,9dMPWnpV9j
tshirt-boys-anger-management,810RUJdne8
tshirt-boys-angry-avenger,ZG2O49OTFB
tshirt-boys-zor-ka-jhatka,wVunD2Ll7O
tshirt-boys-angry-peacock,cOsl2FAdYd
tshirt-boys-suar-ke-patthe,0xfkGTyl4n
tshirt-boys-incredible-apple,858AGUmCrF
tshirt-boys-gabbar,H47HE1WQ94
tshirt-boys-astranauts-imagination,CrGjmlclUU
tshirt-boys-lionel-messi-10,cftWCDLPXA
tshirt-boys-babajis-thenga,0naHVXI4Io
tshirt-boys-yoga-se-hoga,zi82dsmKBa
tshirt-boys-kuwara-aadmi,9QcuGbZ3I6
tshirt-boys-backstreet-cows,rVrsvIAAFv
tshirt-boys-bang-bang,njSUw0DZfv
tshirt-boys-bas-kar-bhai,Smf957MNeQ
tshirt-boys-batman,xLMDKUI68A
tshirt-boys-its-king-kong,tjUC3SMmUT
tshirt-boys-bhaag-bolt-bhaag,ZE1WeQQ7KM
tshirt-boys-bhai-hai-tu-mera,l0fN0JWKNR
tshirt-boys-blocked,yXavji7eV5
tshirt-boys-breaking-bad,4aCa2S6Utu
tshirt-boys-bewakoof,A9lyPd7c0X
tshirt-boys-captain-india,L0RIK3Al2Y
tshirt-boys-hukam-ka-ikka,Wb7O74WcPm
tshirt-boys-chemical-x,YejSdthZ52
tshirt-boys-chicken-tikka,WxAv1QbZKL
tshirt-boys-fevicaol-ka-jod,Q4PE1QulIU
tshirt-boys-cute-messi,ramlUZWLB9
tshirt-boys-cute-super-heros,WfKuio4lvi
tshirt-boys-dark-knights,MzwyAuOfJY
tshirt-boys-dark-side,mYVmCQntzq
tshirt-boys-ball-z,OGFQrOTEZd
tshirt-boys-sudh-cricket,HYGK4peIt1
tshirt-boys-dead-mouse,R0SqhVKIIl
tshirt-boys-deadmau5,3tSBgN0wli
tshirt-boys-despicable-me,MtL2sivDKj
tshirt-boys-devil-dirt,1aRohfvRLX
tshirt-boys-devil-mera-yaar,VAqTPSK8rB
tshirt-boys-touched-my-heart,Gis6It7dOe
tshirt-boys-brain-storm,8hqHJayrCb
tshirt-boys-dinner-with-batman,Dz1cFGFx5R
tshirt-boys-dj-frankenstien,K3TG06xhEw
tshirt-boys-bas-2-ghoont,ZdpDIBtjH1
tshirt-boys-do-it-mahi-way,BSozZbMQmz
tshirt-boys-do-not-escape,jWWTYrques
tshirt-boys-lal-bull,3b2zxmSS6P
tshirt-boys-dragon-ball-z,IYsW1WPxLo
tshirt-boys-drink-beer-save-water,WYqpZ6WAIe
tshirt-boys-eiffel-chain,N1keYiysVw
tshirt-boys-ek-hi-vajah,BICicnxGyh
tshirt-boys-btech-future,DjoLofVGL6
tshirt-boys-evil-returns,TmfXuFMprV
tshirt-boys-fart-avengers,PyYZoZOcVO
tshirt-boys-chipkale-saiyaan,9onBIVfsKD
tshirt-boys-fifa-fever,uYWRygwssT
tshirt-boys-fight-club,dLCXeD24in
tshirt-boys-finally-escaped,aiCSZgVsY3
tshirt-boys-friendly-fire,qY4fRKLWqD
tshirt-boys-androids-hunger,0KQZhJlEyv
tshirt-boys-death-by-petrol,EXjaXKuj0m
tshirt-boys-funky-zombie,z0ZFwSE0P0
tshirt-boys-genius-minds,cbrYmAPSl2
tshirt-boys-steve-jobs,XkSTjqaYQJ
tshirt-boys-daft-punk,XE2lqKRTkC
tshirt-boys-bhojpuri-ghajini,LqR7JzKyep
tshirt-boys-ghost-rider,eOexZcc2gA
tshirt-boys-boyfriend-error,5wMjo4Kd4h
tshirt-boys-go-drunk,SDAeopUy1U
tshirt-boys-go-gloomy,wjYXn6YTX2
tshirt-boys-crime-master-gogo,eAdGtlC9V2
tshirt-boys-goten-ball-z,92i0hqN5YU
tshirt-boys-guruji-chelaji,aDGABtp3PX
tshirt-boys-hass-mat-pagli,Ap4Wce3KIC
tshirt-boys-its-a-goal,Zf7aALRY48
tshirt-boys-horn-stars,TDaJJf6min
tshirt-boys-hukka-bar,zp59NG49vx
tshirt-boys-hulk-a-saurus,HsVPXGLTiU
tshirt-boys-allergic,ezHK4cDgtD
tshirt-boys-i-can-see-everything,44adtgoNOr
tshirt-boys-will-you,QHyFJMFzOo
tshirt-boys-i-like-you,CdgmndP2qF
tshirt-boys-incredible-india,IhI9EpJLRh
tshirt-boys-size-zero,q62ehgq7fP
tshirt-boys-dragon-ball,JgOUaxW4tg
tshirt-boys-its-dragon-ball,5rQifB1YRD
tshirt-boys-jab-tak-hai-jaan,c8U978SdZP
tshirt-boys-jailer-o-saurus,HswwSXW5mj
tshirt-boys-big-boss,ZRDBQGDqfU
tshirt-boys-ashtronishing,RSpnhy4qly
tshirt-boys-khallas,qU2tc9PoB0
tshirt-boys-khopdi,FUnP27IsUC
tshirt-boys-kill-dill,meKvvZwmT5
tshirt-boys-killer-app,HhJmfRJ9Ec
tshirt-boys-lucky-guy,8jQTDbk1tB
tshirt-boys-batman-vs-superman,3clVvutYDw
tshirt-boys-knight-wolf,B7VmVbkCax
tshirt-boys-knight-bear,lnxZTfMUui
tshirt-boys-kungfu-panda,5758cZ8Rjl
tshirt-boys-kya-haal-chaal,D3aw1PYoiL
tshirt-boys-tumhare-paas-kya-hai,shUWO2PYN0
tshirt-boys-pyar-ho-jayega,xXA0YsVqEB
tshirt-boys-six-packs,24uYCj0FUY
tshirt-boys-hamara-dil,8gCplSYsD4
tshirt-boys-messi-boy,GtrYXhKaxf
tshirt-boys-mind-your-language,1JDbegXtRS
tshirt-boys-main-toh-superman,JVQ9FUFb0g
tshirt-boys-haramkhor,jyrjendVoe
tshirt-boys-mann-ki-aankhien,1qhe6GRW90
tshirt-boys-masters-in-computers,AtpgqpANRR
tshirt-boys-mechanical-marvel,UrRp5xT9kW
tshirt-boys-memes-n-mario,VGnZp6rxlY
tshirt-boys-kya-power-hai,eUbrYYT3o2
tshirt-boys-mind-the-rules,WVGZiDB8qj
tshirt-boys-ml-special,kljvCWqlEM
tshirt-boys-shave-the-world,IobcEMp3d3
tshirt-boys-get-high-and-fly,3FSmlUBfZ6
tshirt-boys-mr-bean-animated,QPd6AHIfjX
tshirt-boys-music-in-my-soul,KoXb0R0uJv
tshirt-boys-my-name-is-basanti,qrBGHaSdMe
tshirt-boys-meri-pahunch,fs8JXfJhHW
tshirt-boys-ninja-turtles,3XIn4mITez
tshirt-boys-no-war-only-love,Ulwc13olhT
tshirt-boys-no-smoking-please,PAobi0ALLe
tshirt-boys-its-star-wars,z0HkzJ3Tii
tshirt-boys-its-daft-punk,k2YxtlkOXU
tshirt-boys-only-for-you,yWLjphkF5F
tshirt-boys-spiderman-effect,Eyirc4htVO
tshirt-boys-monster-america,K5jSU7jRuW
tshirt-boys-tedaman,pPImzpiKfG
tshirt-boys-before-and-after-party,sVqfUgAbSA
tshirt-boys-pirates-of-toonpur,F64f95I51J
tshirt-boys-padai-ke-side-effects,xrJ8KafT4A
tshirt-boys-dont-tell-my-dad,25Hz5kosQG
tshirt-boys-party-abhi-baaki-hai,l4hMhMSGpp
tshirt-boys-party-owl,B0sjVPEkNK
tshirt-boys-pausetive,HOHRPABLK1
tshirt-boys-peene-ka-bahana,YyGWMOlGuE
tshirt-boys-phata-poster-nikla-joker,Y74DgzZSqS
tshirt-boys-drink-meter,eYdpe1PZ0A
tshirt-boys-pakka-mat,ZXYNUa8eiY
tshirt-boys-pug-in-pocket,XZpcoEVcWj
tshirt-boys-pocket-me-dragon-ball-z,5OwABnExHK
tshirt-boys-point-hai-baat-me,gN5hRqZMn1
tshirt-boys-golden-death,8DjHIEB2tc
tshirt-boys-puppy-kahin-ka,K7C6HySJWr
tshirt-boys-rajinican,sTqm4YCpXM
tshirt-boys-rowdy-bird,vcPFxMUuHN
tshirt-boys-high-5,Tzrj1MLU0r
tshirt-boys-happy-haloween,6I4prjV2fM
tshirt-boys-no-smoking,O8uJp4DfXH
tshirt-boys-sexy-brain,EVbk1RiPGE
tshirt-boys-roadie-special,1x8nzjlDFt
tshirt-boys-roar-it-my-way,KxwSmERRC5
tshirt-boys-rock-n-roll,ThurmssNsg
tshirt-boys-rocket-ronaldo,uKU13oWA7k
tshirt-boys-rockstar,hh8E7Z6Wb1
tshirt-boys-dont-say-it,siIeckpXM6
tshirt-boys-luv-weekends,u3aeGRQNcd
tshirt-boys-sher-khan,LpLto9AtIB
tshirt-boys-shit-happens,oybToyMAkQ
tshirt-boys-shortage-of-time,YMoeJ5j5vz
tshirt-boys-singh-sahab,kfhR72w1Vk
tshirt-boys-skull,cEtsNRXgfd
tshirt-boys-sone-bhi-do-yaaro,752QaM9jPG
tshirt-boys-spongebob-vs-zombies,2JjDGGlZxg
tshirt-boys-squeeze-it,9zz4qKgcol
tshirt-boys-super-mario-reloaded,AeNIZhPHsV
tshirt-boys-super-cow,eEsfcpXSsi
tshirt-boys-super-sized-heroes,pSebORfpCU
tshirt-boys-super-sparrow-league,INNClIO5m0
tshirt-boys-supermask-jhakkas,DTu0K9Wy6s
tshirt-boys-swat-cats,rZaScaV1Wr
tshirt-boys-buri-nazar-waale,QZTDSnL6vg
tshirt-boys-the-egyption-diaries,LGGfDIUqz4
tshirt-boys-retirement-life,7oi3Nf3xVz
tshirt-boys-the-flash,wQWsXQPw3R
tshirt-boys-the-incredible-hulk,4P3JCYDOW5
tshirt-boys-the-ugly-gang,4X1I2ujZLh
tshirt-boys-think-different,MuYDUiTqF1
tshirt-boys-thoranium,eYwKc9q5xi
tshirt-boys-tron-legacy,R6reNqDjG7
tshirt-boys-it-says-it-all,mnwMjNLvHn
tshirt-boys-ungli-mat-karna,nUhuP4eX6z
tshirt-boys-vellapanti,i8EvGSru7v
tshirt-boys-4-bottle-vodka,WBPS9rvku6
tshirt-boys-warning,oIXacm1K88
tshirt-boys-what-is-mobile-number,EqWmjhOTXW
tshirt-boys-why-so-serious,u45taJDuAe
tshirt-boys-wolverine,54XpqOZC6N
tshirt-boys-yaar-tera-superstar,VG5EsXQrOh
tshirt-boys-yeh-dosti,mLI05IoY0U
tshirt-boys-heart-in-hand,xwzpouLOFf
tshirt-boys-yoga-o-holics,2ezBofQVgX
tshirt-boys-you-are-invited,G3DXPkYltA
tshirt-boys-zara-sambhaal-ke,fHmbV7HXYc
tshirt-boys-zilch-yo-zenith,dfR26Uze6h
tshirt-boys-bachelor-party,yRrcMxO0Jl
tshirt-boys-hello-zombie,rzmR4d9dTM
tshirt-boys-keep-it-real,3XDCyevACA
tshirt-boys-its-a-trap-mickey,fZI93INuF5
tshirt-boys-battery-life,mIiWlpECfF
tshirt-boys-war-time,WZ16Vn7MND
tshirt-boys-moshi-moshi,yjg5KNyBHO
tshirt-boys-pokemon-ball,owRs0Fdk6p
tshirt-boys-whats-up-parker,dvTzQC6vzI
tshirt-boys-i-am-a-superstar,W3lq9zFPVS
tshirt-boys-hug-me,tv0kfzBMXC
tshirt-boys-monster-dj,qz4JHwyu80
tshirt-boys-life-is-good,T1YR2UUpsd
tshirt-boys-spooky-gothic,bw7Auwv44g
tshirt-boys-i-am-ok,zhC6NjnR9L
tshirt-boys-teens-hulk-style,3T5HS1ALyD
tshirt-boys-teens-desi-theka,70jxD1Q5DW
tshirt-boys-teens-we-will-rock-you,p84kH0ohWz
tshirt-boys-sexy-geek,BoR89LFA0Z
tshirt-boys-i-am-responsible,4eE9iV2Q52
tshirt-boys-man-up,DbDnqKEiSC
tshirt-boys-sexy-moustache,nEWpwL6cjv
tshirt-boys-war-machines,jAsc4GbHj3
tshirt-boys-blue-nissan,clwNIZFxtX
tshirt-boys-life-is-beautiful,ekH69N4LU0
tshirt-boys-born-to-ride,QNuzIylzVQ
tshirt-boys-talk-nerdy,sCb2hNGYMH
tshirt-boys-its-not-my-fault,bZsqSVeyu9
tshirt-boys-grow-a-moustache,CbftyVRgwR
tshirt-boys-look-in-my-eyes,ymtz26Uaxk
tshirt-boys-i-got-the-power,MfLoySW8cG
tshirt-boys-angry-rickshaw,NTbKxwtESm
tshirt-boys-antique-gun,yv3fnTLxqU
tshirt-boys-for-hire,f4E9dbwISI
tshirt-boys-look-with-affection,1cX1CGGXhL
tshirt-boys-lemon-magic,LQtxqw9Anm
tshirt-boys-soccor-field,N2QbosxlnW
tshirt-boys-bigg-boss,GFJ50xWZIK
tshirt-boys-dekho-magar-pyar-se,XexGfVFaNF
tshirt-boys-tequilla-shot,Ry3wjF07KS
tshirt-boys-power-board,6wn0klVp8F
tshirt-boys-karam-kar,CVv5aUVINb
tshirt-boys-hud-hud-dabangg,j7d7boExua
tshirt-boys-panga-mat-le,OMHuWIMYJF
tshirt-boys-pig-in-the-city,dJptWkGvsR
tshirt-boys-king-kong,NAIWs3cESL
tshirt-boys-i-luv-u,RzL4bPnN7Z
tshirt-boys-bhai-yeh-teri-woh-meri,oi993pfV4t
tshirt-boys-just-dont-care,SoFlZ8yn4g
tshirt-boys-setting-karwa-de,Xn6nBJwxGf
tshirt-boys-chal-daru-pite-hain,knWiYYAHqU
tshirt-boys-believe-in-sharing,lP9iqu8Ix3
tshirt-boys-daaru-peete-hai,PgVmdxiLKD
tshirt-boys-one-last-chance,S5p8mFF9Zn
tshirt-boys-unhappily-married,tgtxjz20aE
tshirt-boys-hard-luck,p7tDMJd4Sa
tshirt-boys-work-o-holics,R5VhngEqeH
tshirt-boys-dont-grow-up,hqpZuDmdxU
tshirt-boys-tera-kya-hoga-kaaliya,3Y8zYnut4Z
tshirt-boys-do-not-pee-here,kXPVSRdMPy
tshirt-boys-home-alone,GDqQd5n7gf
tshirt-boys-swiss-cow,UaPGKnmu5A
tshirt-boys-bheja-fry,OhE7G9GPVF
tshirt-boys-mogambo-khush-hua,S30WsETz9X
tshirt-boys-battery-holder,3EaOtKezCZ
tshirt-boys-batman-at-work,y4qXREpJm9
tshirt-boys-bal-krishna,vVNVcDmPrq
tshirt-boys-game-over,NbIqiP0cA8
tshirt-boys-binary-rain,KRTVVZWy0H
tshirt-boys-kaminey,VRXzAbgG9n
tshirt-boys-chhedi-singh,SEiMgzieo1
tshirt-boys-ghee-shakkar,O4K67aipTQ
tshirt-boys-piglets,u2mWizgOc7
tshirt-girls-soccor-field,NibgHKF6aZ
tshirt-girls-bigg-boss,FdVoDJcMxc
tshirt-girls-dekho-magar-pyar-se,IvPKGovXOO
tshirt-girls-tequilla-shot,1VkBmfX5X0
tshirt-girls-power-board,U8ONU5oIaL
tshirt-girls-karam-kar,Enqx3QReAI
tshirt-girls-hud-hud-dabangg,ecI6JhpB6O
tshirt-girls-panga-mat-le,7hxFQKL915
tshirt-girls-pig-in-the-city,18DUZWajVr
tshirt-girls-king-kong,yRwWiF1klk
tshirt-girls-i-luv-u,7UaV2yJ4vA
tshirt-girls-bhai-yeh-teri-woh-meri,wPJRvPrJ89
tshirt-girls-just-dont-care,R1omH4JBaK
tshirt-girls-setting-karwa-de,8q0n4XpPvL
tshirt-girls-chal-daru-pite-hain,6pUXkYf7MT
tshirt-girls-believe-in-sharing,ZmFY6fKz3U
tshirt-girls-daaru-peete-hai,cyOULeRmEs
tshirt-girls-one-last-chance,9QABasNtRN
tshirt-girls-unhappily-married,YqIWmiGwFs
tshirt-girls-hard-luck,fA6JnLpsw8
tshirt-girls-work-o-holics,MuGhXaik8k
tshirt-girls-dont-grow-up,mP3kjUV099
tshirt-girls-tera-kya-hoga-kaaliya,sIjEThNZV3
tshirt-girls-do-not-pee-here,4hMS46b6jz
tshirt-girls-home-alone,mzIf0CMfm5
tshirt-girls-swiss-cow,ta8lg5xc6B
tshirt-girls-bheja-fry,j1tOEEljip
tshirt-girls-mogambo-khush-hua,bbrbX2Ph8X
tshirt-girls-crime-master-gogo,FxGyGl5T4v
tshirt-girls-battery-holder,hzzmLIpNuS
tshirt-girls-batman-at-work,h6Wbpa4dxj
tshirt-girls-bal-krishna,m3RnMj6IM4
tshirt-girls-game-over,talVI5VZ1j
tshirt-girls-binary-rain,wP8azygw4K
tshirt-girls-kaminey,7IswVAJrot
tshirt-girls-chhedi-singh,lDLegFJbYD
tshirt-girls-ghee-shakkar,wcp9SC5iYg
tshirt-girls-piglets,WFzvrmRazX
tshirt-girls-sexy-geek,zBNyUE4LCE
tshirt-girls-i-am-responsible,SFTtbQtqsq
tshirt-girls-man-up,znGXTFizF7
tshirt-girls-sexy-moustache,hQB66RWrKf
tshirt-girls-war-machines,nvF497QVXC
tshirt-girls-blue-nissan,IU2RiC5c19
tshirt-girls-life-is-beautiful,lsR6xYiyQC
tshirt-girls-born-to-ride,i61JkQh8mn
tshirt-girls-talk-nerdy,jbRMnJMFa6
tshirt-girls-its-not-my-fault,C7U9kJkenB
tshirt-girls-grow-a-moustache,DaJkxkSZhw
tshirt-girls-look-in-my-eyes,Lcy7R1BX95
tshirt-girls-i-got-the-power,7o5sleEKZR
tshirt-girls-angry-rickshaw,j2h62WVihw
tshirt-girls-antique-gun,9i1oFrKEGz
tshirt-girls-for-hire,oSX2raFHR8
tshirt-girls-look-with-affection,xR8QOodUcD
tshirt-girls-lemon-magic,zqTrbYE8vD
tshirt-girls-bhaag-milkha-bhaag,Ezv2E5FgQw
tshirt-girls-a-beer-chick,XTXfP2d4gg
tshirt-girls-party-mode,kmJHwXcUvc
tshirt-girls-ac-and-dc,80vVuAeuLJ
tshirt-girls-airbourne,UJU1gZoAv7
tshirt-girls-aisi-deewangi,cZlsMl1Q6e
tshirt-girls-all-day-sport,eDDLdFmvGh
tshirt-girls-masquerade,KzQjKxq7Qw
tshirt-girls-anda-ka-funda,Ey06eVGno7
tshirt-girls-black-and-white,SWQs1SOM6N
tshirt-girls-anger-management,0qBMEgsqtC
tshirt-girls-angry-avenger,aPGlGA0MtM
tshirt-girls-zor-ka-jhatka,DLw0kDhnhg
tshirt-girls-angry-peacock,IsdYkmlB2G
tshirt-girls-suar-ke-patthe,ovmvAwerD0
tshirt-girls-incredible-apple,8yLM2sGcpf
tshirt-girls-gabbar,C7dvhSVkUj
tshirt-girls-astranauts-imagination,vkcKqzn4FF
tshirt-girls-lionel-messi-10,9BFHLarhV9
tshirt-girls-babajis-thenga,puQmAVfaoF
tshirt-girls-yoga-se-hoga,loQkRnn01Z
tshirt-girls-kuwara-aadmi,Xgxz5eDWIt
tshirt-girls-backstreet-cows,1si6VYOI4O
tshirt-girls-bang-bang,KnEQ3IpobO
tshirt-girls-bas-kar-bhai,yi9fOUn8o5
tshirt-girls-batman,R30936TXWS
tshirt-girls-its-king-kong,LRYtQF8tPL
tshirt-girls-bhaag-bolt-bhaag,TZXYcBWDxp
tshirt-girls-bhai-hai-tu-mera,0BS0SdGtKk
tshirt-girls-blocked,Vqlg4WUS5C
tshirt-girls-breaking-bad,8wsyf17kXJ
tshirt-girls-bewakoof,z3vvMkBFcd
tshirt-girls-captain-india,s3NlN33MQs
tshirt-girls-hukam-ka-ikka,V7iETuorVr
tshirt-girls-chemical-x,Rcu5SLy1dt
tshirt-girls-chicken-tikka,zl3axD7cTZ
tshirt-girls-fevicaol-ka-jod,EpD0l9dNqf
tshirt-girls-cute-messi,BVC3hu8pc6
tshirt-girls-cute-super-heros,HFPPwF9ikK
tshirt-girls-dark-knights,CAlKdhg1pt
tshirt-girls-dark-side,kqaLghWggq
tshirt-girls-ball-z,Ix3eXHRwDl
tshirt-girls-sudh-cricket,pEexTsGU3h
tshirt-girls-dead-mouse,tx7YA0LStp
tshirt-girls-deadmau5,gP7mhaYX5L
tshirt-girls-despicable-me,0LmWHSkx1V
tshirt-girls-devil-dirt,JUqXLTTBaQ
tshirt-girls-devil-mera-yaar,TW8AozouQz
tshirt-girls-touched-my-heart,anfybA3BEZ
tshirt-girls-brain-storm,ejhUfLic4A
tshirt-girls-dinner-with-batman,qbbQSJx8nb
tshirt-girls-dj-frankenstien,Bz8mmITDhG
tshirt-girls-bas-2-ghoont,PPj4HhWXHS
tshirt-girls-do-it-mahi-way,8WzUl7vfy5
tshirt-girls-do-not-escape,effWZImgs2
tshirt-girls-lal-bull,n9T1hcZ2vv
tshirt-girls-dragon-ball-z,ZV3FA0nL09
tshirt-girls-drink-beer-save-water,spYGKGHsda
tshirt-girls-eiffel-chain,UPmZPB6Iaa
tshirt-girls-ek-hi-vajah,Xr8lRMttiN
tshirt-girls-btech-future,npe6Av8Niz
tshirt-girls-evil-returns,XtfYccDzOB
tshirt-girls-fart-avengers,dFhKa9xfek
tshirt-girls-chipkale-saiyaan,5cC3Sb4Goi
tshirt-girls-fifa-fever,L3A8rvVNkT
tshirt-girls-fight-club,pR8ytr4j56
tshirt-girls-finally-escaped,SyKYK4oDqf
tshirt-girls-friendly-fire,wa6V4bwqxK
tshirt-girls-androids-hunger,TBRuVNxuRR
tshirt-girls-death-by-petrol,wlo9h7KtNs
tshirt-girls-funky-zombie,Ecwpk9rAtH
tshirt-girls-genius-minds,05kGcvBqtV
tshirt-girls-steve-jobs,vNPWM7HECe
tshirt-girls-daft-punk,4ELvp2pLGn
tshirt-girls-bhojpuri-ghajini,immOD8pT9r
tshirt-girls-ghost-rider,iJ250V2sZy
tshirt-girls-girlfriend-error,nndeKca1nL
tshirt-girls-go-drunk,Ny0oATPYuE
tshirt-girls-go-gloomy,zOZUrL3hbb
tshirt-girls-goten-ball-z,9PZUeaBgNo
tshirt-girls-guruji-chelaji,e7M5AOGmTb
tshirt-girls-hass-mat-pagli,sMRzztJOZ0
tshirt-girls-its-a-goal,chbuuN8ulH
tshirt-girls-horn-stars,i8WRE02AEc
tshirt-girls-hukka-bar,PLhi2H0pSf
tshirt-girls-hulk-a-saurus,N65K6vS4Uc
tshirt-girls-allergic,WwGgxYoimK
tshirt-girls-i-can-see-everything,vpDIZb5ckI
tshirt-girls-will-you,U2tAQBTU7H
tshirt-girls-i-like-you,ygqIWL0s0Y
tshirt-girls-incredible-india,yhe0k2Ar04
tshirt-girls-size-zero,woOd1ruOyG
tshirt-girls-dragon-ball,fJ4IMh4Clj
tshirt-girls-its-dragon-ball,v0DcPXSK25
tshirt-girls-jab-tak-hai-jaan,NkAsBLsF0p
tshirt-girls-jailer-o-saurus,5Qf7tx1d5S
tshirt-girls-big-boss,zyRqAtjijP
tshirt-girls-ashtronishing,n5tXxSfHKh
tshirt-girls-khallas,oovm7TKJ8x
tshirt-girls-khopdi,XuEa6dq8F1
tshirt-girls-kill-dill,DhAt0XmHMZ
tshirt-girls-killer-app,VgFJNgR2Tj
tshirt-girls-lucky-guy,7eIuC9eo7a
tshirt-girls-batman-vs-superman,T6O7Feqk3S
tshirt-girls-knight-wolf,bFZCNsXxuy
tshirt-girls-knight-bear,VgYilRtwdV
tshirt-girls-kungfu-panda,HAZzSkDnJ5
tshirt-girls-kya-haal-chaal,CqtIUlOyZc
tshirt-girls-tumhare-paas-kya-hai,ZrOAHJRBbg
tshirt-girls-pyar-ho-jayega,5Q9mXpOUtS
tshirt-girls-six-packs,Td4mC8IrH1
tshirt-girls-hamara-dil,UdmIAhjxeI
tshirt-girls-messi-girl,MnP8twOCCR
tshirt-girls-mind-your-language,bLWInFEWoV
tshirt-girls-main-toh-superman,tSHCBmemNJ
tshirt-girls-haramkhor,udfRrOG3xd
tshirt-girls-mann-ki-aankhien,jcL2RBzmy7
tshirt-girls-masters-in-computers,XM65moJnLN
tshirt-girls-mechanical-marvel,9iC5AIVQLY
tshirt-girls-memes-n-mario,8bSTdFFQEp
tshirt-girls-kya-power-hai,lFn0CGTyJL
tshirt-girls-mind-the-rules,9CofDkOXig
tshirt-girls-ml-special,IfCwjYyGkt
tshirt-girls-shave-the-world,AQZAGC0Fj4
tshirt-girls-get-high-and-fly,BxqPuywXTz
tshirt-girls-mr-bean-animated,x3xUYeCrL4
tshirt-girls-music-in-my-soul,StpEwTRAh0
tshirt-girls-my-name-is-basanti,BYmGzotfhW
tshirt-girls-meri-pahunch,RyEdeWcjOg
tshirt-girls-ninja-turtles,QPiR6PVzUW
tshirt-girls-no-war-only-love,qJLfYcBllj
tshirt-girls-no-smoking-please,UjIVELOmiM
tshirt-girls-its-star-wars,StOXBCFodC
tshirt-girls-its-daft-punk,QGqPNUt5uF
tshirt-girls-only-for-you,4Kp4qEvGg8
tshirt-girls-spiderman-effect,gCO3EtLJ7k
tshirt-girls-monster-america,m2EMkiIVRm
tshirt-girls-tedaman,gmGzNb1LfY
tshirt-girls-before-and-after-party,Ai7PC0mmOf
tshirt-girls-pirates-of-toonpur,rDoQkg59uk
tshirt-girls-padai-ke-side-effects,60UraL3Guf
tshirt-girls-dont-tell-my-dad,SDNPQqjlWC
tshirt-girls-party-abhi-baaki-hai,J7Dji0S7Jm
tshirt-girls-party-owl,a6e1rTwkby
tshirt-girls-pausetive,P7mGSKroR3
tshirt-girls-peene-ka-bahana,pfwnHn5zjl
tshirt-girls-phata-poster-nikla-joker,fXHgepPIKg
tshirt-girls-drink-meter,bN3mJ6P1VJ
tshirt-girls-pakka-mat,i8Jgc0EOJu
tshirt-girls-pug-in-pocket,CWDW7M6b6U
tshirt-girls-pocket-me-dragon-ball-z,RA4p8YYTEG
tshirt-girls-point-hai-baat-me,grCAWEK0sC
tshirt-girls-golden-death,gNNVThoGQk
tshirt-girls-puppy-kahin-ka,fuQgPp6X53
tshirt-girls-rajinican,mIuwNp2pan
tshirt-girls-rowdy-bird,9NFsQh20zX
tshirt-girls-high-5,tQhqHksMXj
tshirt-girls-happy-haloween,4BV8BZRCZx
tshirt-girls-no-smoking,s8JmXvM036
tshirt-girls-sexy-brain,BCYKaKrMXw
tshirt-girls-roadie-special,F3WwnUzPNc
tshirt-girls-roar-it-my-way,P3Dgah6Wz7
tshirt-girls-rock-n-roll,WzvDl0Ws3A
tshirt-girls-rocket-ronaldo,lEgaGOI4q2
tshirt-girls-rockstar,C9xWGLuA8J
tshirt-girls-dont-say-it,gBHqi2BEAw
tshirt-girls-luv-weekends,xMB8JEitUB
tshirt-girls-sher-khan,9Diu7cBEGh
tshirt-girls-shit-happens,2UOslDXOIF
tshirt-girls-shortage-of-time,7YTlJ04wNw
tshirt-girls-singh-sahab,ZwKBRcAQoT
tshirt-girls-skull,KkPseGRevY
tshirt-girls-sone-bhi-do-yaaro,I4wN7iKfiK
tshirt-girls-spongebob-vs-zombies,9WWNeWihUQ
tshirt-girls-squeeze-it,4wHLtoxhfd
tshirt-girls-super-mario-reloaded,UuAPMZeBCS
tshirt-girls-super-cow,nmoJLszEBJ
tshirt-girls-super-sized-heroes,7eCwwz0GIg
tshirt-girls-super-sparrow-league,vycolYWzdi
tshirt-girls-supermask-jhakkas,nSllwTtuNJ
tshirt-girls-swat-cats,NzdZ2UdLpm
tshirt-girls-buri-nazar-waale,MCEhmFXuXw
tshirt-girls-the-egyption-diaries,4m0ecIvr3U
tshirt-girls-retirement-life,UcRLa8kEMj
tshirt-girls-the-flash,HpHlFnpkso
tshirt-girls-the-incredible-hulk,RQONwZUsnm
tshirt-girls-the-ugly-gang,vGS2Nl0DvM
tshirt-girls-think-different,efQPvsyQjl
tshirt-girls-thoranium,QECxpCU6vz
tshirt-girls-tron-legacy,7EPQJgBjIw
tshirt-girls-it-says-it-all,yixySDbVkH
tshirt-girls-ungli-mat-karna,6K5ihCTO9B
tshirt-girls-vellapanti,Y3Jj2nsQiD
tshirt-girls-4-bottle-vodka,iNtaKeMOKM
tshirt-girls-warning,XULwdjN3gn
tshirt-girls-what-is-mobile-number,itjUdm6i3O
tshirt-girls-why-so-serious,QlLqgqOizm
tshirt-girls-wolverine,a1tvjGdIcS
tshirt-girls-yaar-tera-superstar,ujiIx9AM3z
tshirt-girls-yeh-dosti,w9hq6rW3KJ
tshirt-girls-heart-in-hand,dhtCRuId5t
tshirt-girls-yoga-o-holics,t5BDbkCLPz
tshirt-girls-you-are-invited,TeSRBSjPt3
tshirt-girls-zara-sambhaal-ke,zxKAEB8P06
tshirt-girls-zilch-yo-zenith,PCCEAjWkAK
tshirt-girls-bachelor-party,WJAg6XMIoA
tshirt-girls-hello-zombie,UqgI9gHXgy
tshirt-girls-keep-it-real,aos9DBrnzH
tshirt-girls-its-a-trap-mickey,r7WhaGcpQV
tshirt-girls-battery-life,lIcbQhrjDG
tshirt-girls-war-time,hEd2X2xVaP
tshirt-girls-moshi-moshi,4r9QNbCsbf
tshirt-girls-pokemon-ball,MvbemjhdAJ
tshirt-girls-whats-up-parker,rNa774kjjC
tshirt-girls-i-am-a-superstar,MDszKXxuWC
tshirt-girls-hug-me,2tBsT7pOBw
tshirt-girls-monster-dj,Cx7gWXUsAW
tshirt-girls-life-is-good,XHgPI3ds99
tshirt-girls-spooky-gothic,99L3hMtnkG
tshirt-girls-i-am-ok,NcwIF7zbzf
tshirt-girls-teens-hulk-style,HYt9CoQVyj
tshirt-girls-teens-desi-theka,Ebe4m1QuW0
tshirt-girls-teens-we-will-rock-you,8WRgjg6m5M
tshirt-kids-teens-mucchhad-master-gogo,7oHmSYRkQb
tshirt-kids-teens-sansani,My1BblPmhz
tshirt-kids-teens-star-attack,h1NzOGXbpX
tshirt-boys-mucchhad-master-gogo,tKwVz89aYE
tshirt-boys-sansani,JNSago00b4
tshirt-boys-star-attack,A1uplzDuuu
tshirt-girls-mucchhad-master-gogo,AWK6OOkhiK
tshirt-girls-sansani,WluNQ9nzH2
tshirt-girls-star-attack,paMRzaLXkG
